Workbook

Sheet LookupData
A1: Label | B1: All | C1: 01 ONE FAMILY DWELLINGS | D1: 10 COOPS - ELEVATOR APARTMEN | E1: 13 CONDOS - ELEVATOR APARTME | F1: 02 TWO FAMILY DWELLINGS | G1: 09 COOPS - WALKUP APARTMENTS | H1: 03 THREE FAMILY DWELLINGS
A2: Manhattan | B2: 1171868.5 | C2: 6500000 | D2: 800000 | E2: 1680000 | F2: 3900000 | G2: 531000 | H2: 2505000
A3: Bronx | B3: 410000 | C3: 402100 | D3: 187250 | E3: 138000 | F3: 490000 | G3: 79950 | H3: 545000
A4: Brooklyn | B4: 775000 | C4: 685000 | D4: 335000 | E4: 934000 | F4: 830000 | G4: 580000 | H4: 999999
A5: Queens | B5: 500000 | C5: 552000 | D5: 262000 | E5: 640000 | F5: 677000 | G5: 227000 | H5: 930000
A6: Staten Island | B6: 470000 | C6: 470000 | D6: 206000 | E6: 240000 | F6: 599000 | G6: 145000 | H6: 455000
A9: Label | B9: All | C9: Manhattan | D9: Bronx | E9: Brooklyn | F9: Queens | G9: Staten Island
A10: 2016-09 | B10: 5365 | C10: 1327 | D10: 459 | E10: 1413 | F10: 1586 | G10: 580
A11: 2016-10 | B11: 4475 | C11: 1055 | D11: 408 | E11: 1080 | F11: 1450 | G11: 482
A12: 2016-11 | B12: 4684 | C12: 1034 | D12: 401 | E12: 1181 | F12: 1542 | G12: 526
A13: 2016-12 | B13: 5279 | C13: 1243 | D13: 449 | E13: 1392 | F13: 1658 | G13: 537
A14: 2017-01 | B14: 4711 | C14: 1203 | D14: 360 | E14: 1217 | F14: 1432 | G14: 499
A15: 2017-02 | B15: 4332 | C15: 1026 | D15: 386 | E15: 1172 | F15: 1300 | G15: 448
A16: 2017-03 | B16: 5157 | C16: 1124 | D16: 448 | E16: 1405 | F16: 1641 | G16: 539
A17: 2017-04 | B17: 4370 | C17: 1013 | D17: 429 | E17: 1105 | F17: 1358 | G17: 465
A18: 2017-05 | B18: 5138 | C18: 1331 | D18: 433 | E18: 1311 | F18: 1572 | G18: 491
A19: 2017-06 | B19: 5908 | C19: 1519 | D19: 495 | E19: 1579 | F19: 1729 | G19: 586
A20: 2017-07 | B20: 4647 | C20: 1157 | D20: 391 | E20: 1227 | F20: 1420 | G20: 452
A21: 2017-08 | B21: 4334 | C21: 1248 | D21: 325 | E21: 1162 | F21: 1362 | G21: 237
A23: Label | B23: All | C23: Manhattan | D23: Bronx | E23: Brooklyn | F23: Queens | G23: Staten Island
A24: 01 ONE FAMILY DWELLINGS | B24: 510000 | C24: 6500000 | D24: 402100 | E24: 685000 | F24: 552000 | G24: 470000
A25: 10 COOPS - ELEVATOR APARTMEN | B25: 430000 | C25: 800000 | D25: 187250 | E25: 335000 | F25: 262000 | G25: 206000
A26: 13 CONDOS - ELEVATOR APARTME | B26: 1100000 | C26: 1680000 | D26: 138000 | E26: 934000 | F26: 640000 | G26: 240000
A27: 02 TWO FAMILY DWELLINGS | B27: 660000 | C27: 3900000 | D27: 490000 | E27: 830000 | F27: 677000 | G27: 599000
A28: 09 COOPS - WALKUP APARTMENTS | B28: 290000 | C28: 531000 | D28: 79950 | E28: 580000 | F28: 227000 | G28: 145000
A29: 03 THREE FAMILY DWELLINGS | B29: 800000 | C29: 2505000 | D29: 545000 | E29: 999999 | F29: 930000 | G29: 455000
A31: Label | B31: All | C31: 01 ONE FAMILY DWELLINGS | D31: 10 COOPS - ELEVATOR APARTMEN | E31: 13 CONDOS - ELEVATOR APARTME | F31: 02 TWO FAMILY DWELLINGS | G31: 09 COOPS - WALKUP APARTMENTS | H31: 03 THREE FAMILY DWELLINGS
A32: Manhattan | B32: 48196553515 | C32: 664483741 | D32: 7160604506 | E32: 17232522115 | F32: 462940157 | G32: 611656343 | H32: 180822318
A33: Bronx | B33: 4160093747 | C33: 465534039 | D33: 247056651 | E33: 67461222 | F33: 646958663 | G33: 6305227 | H33: 268367519
A34: Brooklyn | B34: 20066297827 | C34: 2099173968 | D34: 850368157 | E34: 3052401917 | F34: 3472255579 | G34: 332425477 | H34: 1276805720
A35: Queens | B35: 13644275513 | C35: 3553983169 | D35: 972964910 | E35: 1179163517 | F35: 2585322401 | G35: 278169465 | H35: 596624470
A36: Staten Island | B36: 3266679500 | C36: 1737555448 | D36: 11164008 | E36: 35317553 | F36: 764890195 | G36: 8219580 | H36: 18590842

Sheet ChartSource
A1: Borough | B1: Median Price (USD) | D1: Month | E1: Transactions | G1: Building Class | H1: Avg Price (USD) | J1: Borough | K1: Total Sales Value (USD)
A2: Manhattan | B2: =INDEX(LookupData!$B$2:$H$6,1,MATCH(Dashboard!$F$8,LookupData!$B$1:$H$1,0)) -> 0 | D2: 2016-09 | E2: =INDEX(LookupData!$B$10:$G$21,1,MATCH(Dashboard!$R$8,LookupData!$B$9:$G$9,0)) -> 0 | G2: 01 ONE FAMILY DWELLINGS | H2: =INDEX(LookupData!$B$24:$G$29,1,MATCH(Dashboard!$F$32,LookupData!$B$23:$G$23,0)) -> 0 | J2: Manhattan | K2: =INDEX(LookupData!$B$32:$H$36,1,MATCH(Dashboard!$R$32,LookupData!$B$31:$H$31,0)) -> 0
A3: Bronx | B3: =INDEX(LookupData!$B$2:$H$6,2,MATCH(Dashboard!$F$8,LookupData!$B$1:$H$1,0)) -> 0 | D3: 2016-10 | E3: =INDEX(LookupData!$B$10:$G$21,2,MATCH(Dashboard!$R$8,LookupData!$B$9:$G$9,0)) -> 0 | G3: 10 COOPS - ELEVATOR APARTMEN | H3: =INDEX(LookupData!$B$24:$G$29,2,MATCH(Dashboard!$F$32,LookupData!$B$23:$G$23,0)) -> 0 | J3: Bronx | K3: =INDEX(LookupData!$B$32:$H$36,2,MATCH(Dashboard!$R$32,LookupData!$B$31:$H$31,0)) -> 0
A4: Brooklyn | B4: =INDEX(LookupData!$B$2:$H$6,3,MATCH(Dashboard!$F$8,LookupData!$B$1:$H$1,0)) -> 0 | D4: 2016-11 | E4: =INDEX(LookupData!$B$10:$G$21,3,MATCH(Dashboard!$R$8,LookupData!$B$9:$G$9,0)) -> 0 | G4: 13 CONDOS - ELEVATOR APARTME | H4: =INDEX(LookupData!$B$24:$G$29,3,MATCH(Dashboard!$F$32,LookupData!$B$23:$G$23,0)) -> 0 | J4: Brooklyn | K4: =INDEX(LookupData!$B$32:$H$36,3,MATCH(Dashboard!$R$32,LookupData!$B$31:$H$31,0)) -> 0
A5: Queens | B5: =INDEX(LookupData!$B$2:$H$6,4,MATCH(Dashboard!$F$8,LookupData!$B$1:$H$1,0)) -> 0 | D5: 2016-12 | E5: =INDEX(LookupData!$B$10:$G$21,4,MATCH(Dashboard!$R$8,LookupData!$B$9:$G$9,0)) -> 0 | G5: 02 TWO FAMILY DWELLINGS | H5: =INDEX(LookupData!$B$24:$G$29,4,MATCH(Dashboard!$F$32,LookupData!$B$23:$G$23,0)) -> 0 | J5: Queens | K5: =INDEX(LookupData!$B$32:$H$36,4,MATCH(Dashboard!$R$32,LookupData!$B$31:$H$31,0)) -> 0
A6: Staten Island | B6: =INDEX(LookupData!$B$2:$H$6,5,MATCH(Dashboard!$F$8,LookupData!$B$1:$H$1,0)) -> 0 | D6: 2017-01 | E6: =INDEX(LookupData!$B$10:$G$21,5,MATCH(Dashboard!$R$8,LookupData!$B$9:$G$9,0)) -> 0 | G6: 09 COOPS - WALKUP APARTMENTS | H6: =INDEX(LookupData!$B$24:$G$29,5,MATCH(Dashboard!$F$32,LookupData!$B$23:$G$23,0)) -> 0 | J6: Staten Island | K6: =INDEX(LookupData!$B$32:$H$36,5,MATCH(Dashboard!$R$32,LookupData!$B$31:$H$31,0)) -> 0
D7: 2017-02 | E7: =INDEX(LookupData!$B$10:$G$21,6,MATCH(Dashboard!$R$8,LookupData!$B$9:$G$9,0)) -> 0 | G7: 03 THREE FAMILY DWELLINGS | H7: =INDEX(LookupData!$B$24:$G$29,6,MATCH(Dashboard!$F$32,LookupData!$B$23:$G$23,0)) -> 0
D8: 2017-03 | E8: =INDEX(LookupData!$B$10:$G$21,7,MATCH(Dashboard!$R$8,LookupData!$B$9:$G$9,0)) -> 0
D9: 2017-04 | E9: =INDEX(LookupData!$B$10:$G$21,8,MATCH(Dashboard!$R$8,LookupData!$B$9:$G$9,0)) -> 0
D10: 2017-05 | E10: =INDEX(LookupData!$B$10:$G$21,9,MATCH(Dashboard!$R$8,LookupData!$B$9:$G$9,0)) -> 0
D11: 2017-06 | E11: =INDEX(LookupData!$B$10:$G$21,10,MATCH(Dashboard!$R$8,LookupData!$B$9:$G$9,0)) -> 0
D12: 2017-07 | E12: =INDEX(LookupData!$B$10:$G$21,11,MATCH(Dashboard!$R$8,LookupData!$B$9:$G$9,0)) -> 0
D13: 2017-08 | E13: =INDEX(LookupData!$B$10:$G$21,12,MATCH(Dashboard!$R$8,LookupData!$B$9:$G$9,0)) -> 0

Sheet Dashboard
B2: NYC Property Sales Dashboard | Sep 2016 – Aug 2017
B3: Analyzing 58,400 transactions across 5 NYC Boroughs · Q1: Price Distribution by Borough · Q2: Monthly Volume Trends · Q3: Avg Price by Building Class · Q4: Total Market Value by Borough · Use the dropdown filters on each chart to explore the data
B5: Q1 — Median Sale Price by Borough | M5: Q2 — Monthly Transaction Volume
B8: Building Class: | F8: All | G8: <- change to filter chart | Q8: Borough: | R8: All | S8: <- change to filter chart
B29: Q3 — Avg Sale Price by Building Class | M29: Q4 — Total Sales Value by Borough
E32: Borough: | F32: All | G32: <- change to filter chart | Q32: Building Class: | R32: All | S32: <- change to filter chart
B56: Total Valid Sales | C56: 58400 | D56: Median Sale Price | E56: 640000 | F56: Total Market Value | G56: 89333900102 | H56: Top Borough (by value) | I56: Manhattan

Sheet Data Reference
A1: Q1 Median Sale Price by Borough (All Classes) | D1: Q4 Total Sales Value by Borough (All Classes)
A2: Borough | B2: Median Price | D2: Borough | E2: Total Value
A3: Manhattan | B3: 1171868.5 | D3: Manhattan | E3: 48196553515
A4: Bronx | B4: 410000 | D4: Bronx | E4: 4160093747
A5: Brooklyn | B5: 775000 | D5: Brooklyn | E5: 20066297827
A6: Queens | B6: 500000 | D6: Queens | E6: 13644275513
A7: Staten Island | B7: 470000 | D7: Staten Island | E7: 3266679500
A9: Q2 Monthly Transactions (All Boroughs)
A10: Month | B10: Transactions
A11: 2016-09 | B11: 5365
A12: 2016-10 | B12: 4475
A13: 2016-11 | B13: 4684
A14: 2016-12 | B14: 5279
A15: 2017-01 | B15: 4711
A16: 2017-02 | B16: 4332
A17: 2017-03 | B17: 5157
A18: 2017-04 | B18: 4370
A19: 2017-05 | B19: 5138
A20: 2017-06 | B20: 5908
A21: 2017-07 | B21: 4647
A22: 2017-08 | B22: 4334
